Product_name,Image,Price,Address
sofa bed from a pet free smoke free apartment,https://dtxw8q4qct0d4.cloudfront.net/origin/article/202308/c056c24529e5e0b1b9a59f652bcc62e324c2ff01833aebfb368554f658d7de43_0.webp?q=82&s=300x300&t=crop&f=webp,200,Regent Park
Sofa bed,https://dtxw8q4qct0d4.cloudfront.net/origin/article/202308/f63d05bc2641562cba32717ca2ca66c13efcce666d57e3fea9901187e8a12a52.jpg?q=82&s=300x300&t=crop&f=webp,500,Upper Jarvis
miloh sofa bed moving sale,https://dtxw8q4qct0d4.cloudfront.net/origin/article/202308/34ebe673d26eb35b55e50aa043d00f9bdaca7735f6dfef2c122a055079f19b5d_0.webp?q=82&s=300x300&t=crop&f=webp,140,Yorkville
"IKEA Sofa FRIHETEN sofa-bed with storage, Skiftebo gray-beige",https://dtxw8q4qct0d4.cloudfront.net/origin/article/202308/eda5c9e1fa4aa81e71015771d15c8ebbab7048efcfdc7b5299dcbee18d32c418.jpg?q=82&s=300x300&t=crop&f=webp,700,Bay Street Corridor
Black Sofa Bed with Queen Mattress,https://dtxw8q4qct0d4.cloudfront.net/origin/article/202308/40df480f5b3c7b980893a1c8eb993350bf870bd25637603b392ea4b4c975b082.jpg?q=82&s=300x300&t=crop&f=webp,100,Davisville Village
sofa-bed sale,https://dtxw8q4qct0d4.cloudfront.net/origin/article/202308/81177222169e8d2fc27d3ac6c6a31b824695e86f64ba7744027132cf60a6bfcc.jpg?q=82&s=300x300&t=crop&f=webp,428,Bay Street Corridor
Ikea sofa bed/couch,https://dtxw8q4qct0d4.cloudfront.net/origin/article/202308/91c0aa402fb420932140547d9462d3974ad6cf1fca50a51bd24bdc29f64ae8df.jpg?q=82&s=300x300&t=crop&f=webp,800,Old Toronto
Outdoor sofa/couch turns to into bed,https://dtxw8q4qct0d4.cloudfront.net/origin/article/202308/3bf3e8061b447af041dafc0d4ae1026813500b1071dacf38325941c2e5779965.jpg?q=82&s=300x300&t=crop&f=webp,150,Rockcliffe
IKEA FRIHETEN SOFA BED,https://dtxw8q4qct0d4.cloudfront.net/origin/article/202308/aa3a3634bcc7b55ebd50d43b7e0026c72ecedab72e32422a4bfbdd1325e997d7.jpg?q=82&s=300x300&t=crop&f=webp,650,Regent Park
White Sofa Bed,https://dtxw8q4qct0d4.cloudfront.net/origin/article/202308/9877a883459693c2dc65b565228b66c8f9b3f97f2206f233e19bec28abc05b86.jpg?q=82&s=300x300&t=crop&f=webp,175,Yonge Eglinton
IKEA vallentuna corner sofa bed and ottoman in Hillared blue,https://dtxw8q4qct0d4.cloudfront.net/origin/article/202308/0c5d2aae27a105a1e65beebae014c6e1988938777fd83a54ac130a1480293129.jpg?q=82&s=300x300&t=crop&f=webp,333,Deer Park
Sofa bed and table set,https://dtxw8q4qct0d4.cloudfront.net/origin/article/202308/4e6e34a8a3056a8dd8e4385cbfb9020b939aa49ed7d8cab73b54abb6abdf6ad9.jpg?q=82&s=300x300&t=crop&f=webp,350,Old Toronto
Bed Sofa,https://dtxw8q4qct0d4.cloudfront.net/origin/article/202303/b4bb83ad0b3a9b32c8778788490ee0f3015f6182ae9eef1e8321d505a848c6b9.webp?q=82&s=300x300&t=crop&f=webp,81,Old Toronto
Sofa Bed with memory foam mattress,https://dtxw8q4qct0d4.cloudfront.net/origin/article/202307/a14eb47c9235090fa520869630b8b8b4874c49d3107e278781f0667f4860accb_0.webp?q=82&s=300x300&t=crop&f=webp,360,King West Village
IKEA Bar Stool with Backrest (4),https://dtxw8q4qct0d4.cloudfront.net/origin/article/202308/5265d48a5f8f4b008bc8dd8e22446d50a33732559f9e6c709a8ca1a1d60081cf.jpg?q=82&s=300x300&t=crop&f=webp,25,Bay Street Corridor
Wooden Classy coffee/ sofa-side/ beb-side table - for sale,https://dtxw8q4qct0d4.cloudfront.net/origin/article/202308/d4538bbe8ab8d631199c2e566e352aa80189ce47523ae467a5873f3a62c04301_0.webp?q=82&s=300x300&t=crop&f=webp,85,Deer Park
Grey  Structube Sofa,https://dtxw8q4qct0d4.cloudfront.net/origin/article/202308/b0b4153525bf94f0b9970f350baafd03c4f03a674f9c7eaa0d812c347b2aafe5.jpg?q=82&s=300x300&t=crop&f=webp,250,Davisville Village
Infant lounger with vibration and music,https://dtxw8q4qct0d4.cloudfront.net/origin/article/202308/e7fb651b16bb142eacbe2ba76b1584f50c3999ee1ce3d4026a76df5bce6b9823_0.webp?q=82&s=300x300&t=crop&f=webp,15,N St. James Town
Logitech Laptop Desk Portable with speakers and fan,https://dtxw8q4qct0d4.cloudfront.net/origin/article/202308/085a510478b43ba47dd5db068bcbfd6c0e36a610a36ee64e3673a2da50a6a880.jpg?q=82&s=300x300&t=crop&f=webp,35,Old Toronto
Grey Sofa - The Brick,https://dtxw8q4qct0d4.cloudfront.net/origin/article/202308/5301b0c1483f58f09a16f3c0d8c47d9fc660daaffa051d25d488a6497044e92a_6.webp?q=82&s=300x300&t=crop&f=webp,468,Yonge Eglinton
NEW METAL ARM FUTON BLACK WITH FULL SIZE MATTRESS SOFA&BED,https://dtxw8q4qct0d4.cloudfront.net/origin/article/202308/91d3fbdf391dff22b5573edbaab9edf6d80da01403bc9c0eb2f3f9fb830eb8ee_0.webp?q=82&s=300x300&t=crop&f=webp,195,Bay Street Corridor
Coffee Table and Sofa bed for sale,https://dtxw8q4qct0d4.cloudfront.net/origin/article/202307/7b5a4e99206f0cfcf5c64b4aba7916b7539dfdd470b01cd9fd476a9631e56079_0.webp?q=82&s=300x300&t=crop&f=webp,750,Waterfront Communities
Ikea Daybed with 2 single mattress ï¼ˆMeistervikï¼‰,https://dtxw8q4qct0d4.cloudfront.net/origin/article/202307/a28f55a35b244a160d38f8d96a733865b283bd0ea97f8b0037cc5bfa615c328e.jpg?q=82&s=300x300&t=crop&f=webp,700,Old Toronto
Urgent Sofa/couch for sale,https://dtxw8q4qct0d4.cloudfront.net/origin/article/202308/4e0baec785dc601fab535462ff9aa09de973eac9dc6fdb579dde2fecbb6cd155_0.webp?q=82&s=300x300&t=crop&f=webp,39,Mount Pleasant W
Almost new day bed and mattress!!!,https://dtxw8q4qct0d4.cloudfront.net/origin/article/202307/24747ef4b7ec41344418ce08baa5eb7352e1611465596a567cc5e8767bcfb602_0.webp?q=82&s=300x300&t=crop&f=webp,85,Bay Street Corridor
furniture Delivery & Moving ,https://dtxw8q4qct0d4.cloudfront.net/origin/article/202307/f560db3b10c5ac8010564e7bba0c488b53e0abec67091d754835b8c4218f92f2_0.webp?q=82&s=300x300&t=crop&f=webp,40,High Park N
Futon or sofa,https://dtxw8q4qct0d4.cloudfront.net/origin/article/202308/4058a5458b2ce470d453c65f0e9421167a578b8fd65831dc6349903a7b2361e7.jpg?q=82&s=300x300&t=crop&f=webp,90,Entertainment District
FREE sofa bed,https://dtxw8q4qct0d4.cloudfront.net/origin/article/202307/b8ffb041c59b03fbf99d40e7b0c4389ce6dccf15b5915924f6ac15ba2ab3fff7.jpg?q=82&s=300x300&t=crop&f=webp,Free,S Riverdale
furniture Delivery express ,https://dtxw8q4qct0d4.cloudfront.net/origin/article/202307/f97dea96b1064acfa5f25376c22b8bc1e20a9d8736591b2b421c39cf2542df4a_0.webp?q=82&s=300x300&t=crop&f=webp,45,High Park N
Convertible sofa/ bed,https://dtxw8q4qct0d4.cloudfront.net/origin/article/202306/2e5820cc6e601eed6a826249cc5e67e46796d05e413f00d68519abe371c455fe.jpg?q=82&s=300x300&t=crop&f=webp,50,Forest Hill S
Bed throw,https://dtxw8q4qct0d4.cloudfront.net/origin/article/202305/6c901300ec9e046a772dcc458bdc7e7a7de73956ac81c192686c2660a2108beb_0.webp?q=82&s=300x300&t=crop&f=webp,60,Old Toronto
Adjustable ergonomic computer stand for anywhere.,https://dtxw8q4qct0d4.cloudfront.net/origin/article/202301/e4ccbe576527d01c085171bacdc76fce28fc56819694e9c8133801825bb43c0a.webp?q=82&s=300x300&t=crop&f=webp,35,Waterfront Communities
"Decorative Throw Pillow Inserts 12"" x 20"" (2 included)",https://dtxw8q4qct0d4.cloudfront.net/origin/article/202211/89f733f110ef51dce39688e43242fe3d420b5004aaeb86a233c5a4531e8009ff.webp?q=82&s=300x300&t=crop&f=webp,20,Wallace Emerson
"Sofa Bed, 3 seater.",https://dtxw8q4qct0d4.cloudfront.net/origin/article/202104/b30dfc1c11c366dcf05ee2ef23511614a479fcca8eaf246a438b087dd6750f85.webp?q=82&s=300x300&t=crop&f=webp,375,Yonge St.Clair
Kimono (silk),https://dtxw8q4qct0d4.cloudfront.net/origin/article/202308/fb67182db0d36f78edbe5a86092aa347f280dd6d9e5230d712a536c60b833ff0.jpg?q=82&s=300x300&t=crop&f=webp,25,Mount Pleasant
Apple pencil (1st generation),https://dtxw8q4qct0d4.cloudfront.net/origin/article/202308/ee74c05e6954bfd45167e16ab6cedb4e8f0f0b0c6967e0c5b68674536d4595d8.jpg?q=82&s=300x300&t=crop&f=webp,60,Downtown
Lace dress,https://dtxw8q4qct0d4.cloudfront.net/origin/article/202308/cee587bc94ae60f0bcaf400c062ab4d7c4d4a704657ccb88985675599c844df0.jpg?q=82&s=300x300&t=crop&f=webp,60,Mount Pleasant
Kids MEC bike,https://dtxw8q4qct0d4.cloudfront.net/origin/article/202307/d05d2766ca16dcd693d0f8bcc8b60a329fd91a0f20267b527225579a62e48a67_0.webp?q=82&s=300x300&t=crop&f=webp,60,Victoria Fraserview
"Disney Duffy stella lou rabbit, Crossbody purse new with tags",https://dtxw8q4qct0d4.cloudfront.net/origin/article/202308/6cc48457916286cdc55ae47de3f8954b0371eb862049b5aaad69bd30df0b7e0e.jpg?q=82&s=300x300&t=crop&f=webp,20,Killarney
Grey Winged back chair,https://dtxw8q4qct0d4.cloudfront.net/origin/article/202308/c8a2725845165b464310d9ad00b92408eaac3013884e79fb5ae5ece967cc26c6_0.webp?q=82&s=300x300&t=crop&f=webp,110,Kensington Cedar Cottage
Red formal long dress,https://dtxw8q4qct0d4.cloudfront.net/origin/article/202308/7d76ec3603ae13a1156340e5972e387b6f39fa15717ab7026d5ab8c80c679e9b.jpg?q=82&s=300x300&t=crop&f=webp,50,Mount Pleasant
IKEA Micke desk- White with oak contrasting drawers.,https://dtxw8q4qct0d4.cloudfront.net/origin/article/202308/6ce407e773730d301da7b53c552bb19beafd450d7827fbc725a09c18016c9cf4.jpg?q=82&s=300x300&t=crop&f=webp,70,Downtown
MacBook pro keyboard skin,https://dtxw8q4qct0d4.cloudfront.net/origin/article/202301/e60b79661aba7421280f2857bfdcfd877b4199cf1cc4df777847a925260cd919.webp?q=82&s=300x300&t=crop&f=webp,9.5,Renfrew Collingwood
ðŸ’° Neon Tart Yellow Skirt,https://dtxw8q4qct0d4.cloudfront.net/origin/article/202307/ae0f54a11af907e3ef3cf15294dbc81535848c716d38c1b24d10a8593adb4033.jpg?q=82&s=300x300&t=crop&f=webp,10,Kensington Cedar Cottage
dual usb charging adapter,https://dtxw8q4qct0d4.cloudfront.net/origin/article/202301/bcb447920cd56a083c8d94b463dc5f5f7e1be8f04e7cb4cd93238477e999efae.webp?q=82&s=300x300&t=crop&f=webp,5,Renfrew Collingwood
Modern 60â€™s sleek romper dress,https://dtxw8q4qct0d4.cloudfront.net/origin/article/202307/e0ef1eb2bef3501faf1dfd4c438e5f8f011b71b9e64819cd0f861dd87b5f6f77.jpg?q=82&s=300x300&t=crop&f=webp,10,Kensington Cedar Cottage
Studded leather jacket,https://dtxw8q4qct0d4.cloudfront.net/origin/article/202306/ee07c05d8ea5a67a2bfbc3e0a33c40024a613b09d7f457fc47bebd4ce3a3430b.jpg?q=82&s=300x300&t=crop&f=webp,10,Kensington Cedar Cottage
Pet cage,https://dtxw8q4qct0d4.cloudfront.net/origin/article/202308/1d03fb7499f52fda488a46a64dae9834aae3a3059de596e8e77c69b2555f5e48.jpg?q=82&s=300x300&t=crop&f=webp,50,Downtown
HALEY tufted 3-seater sofa,https://dtxw8q4qct0d4.cloudfront.net/origin/article/202308/b5ca15c45ad053ecb0548baf48437d1c9233407bc457719401578f67e2572543_0.webp?q=82&s=300x300&t=crop&f=webp,300,Kensington Cedar Cottage
Mason Jar Measuring Set (brand new in box!),https://dtxw8q4qct0d4.cloudfront.net/origin/article/202303/9166f4a37597a5329b19de33c44aa70e919f71d36cfa5d837eb2a73a1f446951.jpg?q=82&s=300x300&t=crop&f=webp,10,Mount Pleasant
Nike Dunk Low Rose Whisper,https://dtxw8q4qct0d4.cloudfront.net/origin/article/202308/2d13d88d82be32828317938187bcbd27fe53251ef9d395cde42f558f56187ac3.jpg?q=82&s=300x300&t=crop&f=webp,200,Victoria Fraserview
Bvlgari Rose Goldea Never Used,https://dtxw8q4qct0d4.cloudfront.net/origin/article/202308/aac215c1569829a7157d97664bbb546a5e512b6998d60102b6c8bb242a3b90e7.jpg?q=82&s=300x300&t=crop&f=webp,150,W End
Framed Vancouver skyline,https://dtxw8q4qct0d4.cloudfront.net/origin/article/202303/54fdfc535b2be6d4a21bf6b33a29b8220ea97a796e1869796b90c0d8d6793b00.jpg?q=82&s=300x300&t=crop&f=webp,15,W End
Vintage Tea Pot,https://dtxw8q4qct0d4.cloudfront.net/origin/article/202308/8a644eab1153c820245b906404a7d49d3bc43626e772a8373300fbced5a49d7a.jpg?q=82&s=300x300&t=crop&f=webp,8,W End
Crop Top (L),https://dtxw8q4qct0d4.cloudfront.net/origin/article/202308/eeb4ce506fa04d0cbbf1880a2438689c5a76e88021ea9d3c1d7a9eee9245e439.jpg?q=82&s=300x300&t=crop&f=webp,3,W End
WonderBra taupe size 38B,https://dtxw8q4qct0d4.cloudfront.net/origin/article/202304/cc5f1960223cf6f8a927d91eddc92b7f384647e491a254a9af2c4bc0d24e04e1.jpg?q=82&s=300x300&t=crop&f=webp,10,W End
Black Dress (S12),https://dtxw8q4qct0d4.cloudfront.net/origin/article/202308/90c90797c0b026cd131ff07564c0cc46b6ec4f1b88dee61941ce83ec33179c71.jpg?q=82&s=300x300&t=crop&f=webp,15.3,W End
Barbell set,https://dtxw8q4qct0d4.cloudfront.net/origin/article/202308/de3b98ecfaaeb15be4c2437669610c0c7c36468812f5a95027f342819e025b21.jpg?q=82&s=300x300&t=crop&f=webp,120,Downtown
Small brass stand,https://dtxw8q4qct0d4.cloudfront.net/origin/article/202304/474dc29ef1e33ab78c693a45302e3e1cfd942f712ee2504d0e7103daab408a06.jpg?q=82&s=300x300&t=crop&f=webp,Free,W End
[Mint] Nikon Charger MH-25a + One Nikon EN-WL15 Battery,https://dtxw8q4qct0d4.cloudfront.net/origin/article/202308/a507b4ec819ceba8fbc501e40491b6bc539c55a8d6fc09af8c1d9a06ac2d70b1.jpg?q=82&s=300x300&t=crop&f=webp,189,Kensington Cedar Cottage
Baby prints keepsake,https://dtxw8q4qct0d4.cloudfront.net/origin/article/202308/f508ca07d3893e831b22927854f1f0af7644666e9a41fad282a58ac68f7c5bdc.jpg?q=82&s=300x300&t=crop&f=webp,5,Victoria Fraserview
Cinnamon Sanrio,https://dtxw8q4qct0d4.cloudfront.net/origin/article/202308/65e42a0198d4e092bed0ac2b8a0d72eaf01b66122515241effa47f51d29c0aa1.jpg?q=82&s=300x300&t=crop&f=webp,10,Victoria Fraserview
Dwinguler Large Playmat - Zoo,https://dtxw8q4qct0d4.cloudfront.net/origin/article/202308/87a3f9a9bdd720d6f32591051654d532f72abca147d556bcf4b120a2e7313f90.jpg?q=82&s=300x300&t=crop&f=webp,150,Renfrew Collingwood
Estee Lauder brushes,https://dtxw8q4qct0d4.cloudfront.net/origin/article/202308/065afc404e84e63412910af410f3336cf076ac376c92d7e7b5bba86f0b07835f_0.webp?q=82&s=300x300&t=crop&f=webp,40,W End
necklace,https://dtxw8q4qct0d4.cloudfront.net/origin/article/202307/d6e2fd3bc294f6ae99113a69f5682ebe293c3d81bdb9b13815fe48ad6965a1e0.jpg?q=82&s=300x300&t=crop&f=webp,8,Mount Pleasant
bracelet,https://dtxw8q4qct0d4.cloudfront.net/origin/article/202307/a666c675018a61aafa9227dfd8404132fcffdcb3b05ff81a7cd803d2b03542d1.jpg?q=82&s=300x300&t=crop&f=webp,9.5,Mount Pleasant
bracelet,https://dtxw8q4qct0d4.cloudfront.net/origin/article/202307/bea95269b0bbb794085fbd439ec01722f6256f00f549b3d161268dac1c2c62ad.jpg?q=82&s=300x300&t=crop&f=webp,9,Mount Pleasant
crystal bracelet,https://dtxw8q4qct0d4.cloudfront.net/origin/article/202307/61680642acb7f0fc4697e9575add12d4572b22224b16fc1a412cc0b52dbe7dae.jpg?q=82&s=300x300&t=crop&f=webp,14.3,Mount Pleasant
evil eye necklace,https://dtxw8q4qct0d4.cloudfront.net/origin/article/202307/d543708309f7d723c69886ee1a93105c3a50960a1ce3092e25cfa726a6471c5d.jpg?q=82&s=300x300&t=crop&f=webp,8.5,Mount Pleasant
Brand new in gift box etevon gold plated C necklace,https://dtxw8q4qct0d4.cloudfront.net/origin/article/202307/f4311e79d79eae35413641c5c91a27d25a853918e78c43947487d4d109973389.jpg?q=82&s=300x300&t=crop&f=webp,17,Hastings Sunrise
Brand new in bag kids play mat,https://dtxw8q4qct0d4.cloudfront.net/origin/article/202306/0a526b0ccd1cd1383d25483b6833bd1a9a28cbbfbb5ede130a6c13e2ca3ed055.jpg?q=82&s=300x300&t=crop&f=webp,20,Hastings Sunrise
New in box mini usb humidifier with light,https://dtxw8q4qct0d4.cloudfront.net/origin/article/202307/24ed038b8f3e223155a4a43781196d28ab55c7f1d3159c71e42b45d8f6088bcf.jpg?q=82&s=300x300&t=crop&f=webp,14,Hastings Sunrise
Makeup bundle including palettes,https://dtxw8q4qct0d4.cloudfront.net/origin/article/202308/f00c64fba8e67801d35c815840ff26254a98db87c75f3e43f0edba477abf2065_0.webp?q=82&s=300x300&t=crop&f=webp,40,W End
"Camp kids, the winter hat, beanie, brand, new size small",https://dtxw8q4qct0d4.cloudfront.net/origin/article/202308/57c07c48caa024144463c36d3b76bc514bddde440bb9098fff44f1b98527e30d.jpg?q=82&s=300x300&t=crop&f=webp,15,Killarney
Brand new adult/kids bike/skateboard adjustable helmets,https://dtxw8q4qct0d4.cloudfront.net/origin/article/202306/ecdee40872b78679d2432df46deba101285f0ac67a416f74a8f962dbb1bc688e.jpg?q=82&s=300x300&t=crop&f=webp,16,Hastings Sunrise
Vintage Cake Pedestal with Gold Accents/Clear base,https://dtxw8q4qct0d4.cloudfront.net/origin/article/202306/23e9f3b36132d72511f60a6707953301be7f0052a1039f842308aea87c23c9e6.jpg?q=82&s=300x300&t=crop&f=webp,29,Arbutus Ridge
Classic Men Hooded Winter Jacket,https://dtxw8q4qct0d4.cloudfront.net/origin/article/202306/cb9e4dbe9d42874bd45a3eecc4e9b1812b456720adce64be3da02b7a812c942d.jpg?q=82&s=300x300&t=crop&f=webp,50,Arbutus Ridge
Steve Madden Ankle Boots,https://dtxw8q4qct0d4.cloudfront.net/origin/article/202308/c19db154c41821a75ccdb8701c686701a4587857c2e28c6ff2c62bc149c1046d.jpg?q=82&s=300x300&t=crop&f=webp,55,Killarney
Bunch of Halloween makeup. Special Fx,https://dtxw8q4qct0d4.cloudfront.net/origin/article/202308/27cc0cc662cfe27c7413e54dcbfe94939e36c5e9a36d69dc1bce0c70dc9dab57_0.webp?q=82&s=300x300&t=crop&f=webp,40,W End
Yamaha F310 acoustic guitar,https://dtxw8q4qct0d4.cloudfront.net/origin/article/202308/89949e078ef735dda70b4860b3ecf1df778965588480817710e7d2200274c9aa_0.webp?q=82&s=300x300&t=crop&f=webp,140,Kitsilano
Empty bottle and can collection,https://dtxw8q4qct0d4.cloudfront.net/origin/article/202308/adb113c4b22d23f046618fc30725c7d412b9c45ca3783f1ce65c620ad0690efa_0.webp?q=82&s=300x300&t=crop&f=webp,Free,W End
Womens dress,https://dtxw8q4qct0d4.cloudfront.net/origin/article/202308/6c0eefd9c86e7f438b8ae06b7cb987088f444d8186be5ddcc5a576b12d4aaedc_0.webp?q=82&s=300x300&t=crop&f=webp,10,W End
"Brand new, sealed Black and Pink Wig",https://dtxw8q4qct0d4.cloudfront.net/origin/article/202308/18bca2cf5c3057c589afccf58dea14639b1f6a8875d04295ab438674c930b277_0.webp?q=82&s=300x300&t=crop&f=webp,15,W End
Womens sports bra,https://dtxw8q4qct0d4.cloudfront.net/origin/article/202308/a402ea8aa0dd9646e2160d3b105c5f9cbc50c44afc6b85ad3d13d2d28d3cb328_0.webp?q=82&s=300x300&t=crop&f=webp,15,W End
Michael Kors bag / purse,https://dtxw8q4qct0d4.cloudfront.net/origin/article/202308/e4a705e3c5c3c581380cd089c5813ebc1e816b0c534a0fe4486a49ef96ef9cae_0.webp?q=82&s=300x300&t=crop&f=webp,45,W End
Similac ready to feed,https://dtxw8q4qct0d4.cloudfront.net/origin/article/202308/1814cf0532ad2827bd04ecca830af450c94e45a23ca8222eec322c5e1d2653fc.jpg?q=82&s=300x300&t=crop&f=webp,5,Downtown
Similac Advance Ready to feed,https://dtxw8q4qct0d4.cloudfront.net/origin/article/202308/ec60c58371069211db6720eec6d120ee0b18b945228b721c51959a581ac5e836.jpg?q=82&s=300x300&t=crop&f=webp,25,Downtown
Willo Arlo Glass Coffee Table,https://dtxw8q4qct0d4.cloudfront.net/origin/article/202308/16f68595348ee010305d0fe27b3ad6ba1d264530d58eaf493d2214943aa2fe1d_0.webp?q=82&s=300x300&t=crop&f=webp,150,Downtown
Bikini set,https://dtxw8q4qct0d4.cloudfront.net/origin/article/202308/9768278196422a97e0cefcff0a7406f9ae83897c64e06dd6f265fbc32f138de1.jpg?q=82&s=300x300&t=crop&f=webp,15,Downtown
Bikini top,https://dtxw8q4qct0d4.cloudfront.net/origin/article/202308/9e2f6bc43dbb3b24076a928907ea3f8a9a50968156f9bde8bc36cda5e87eb5e4.jpg?q=82&s=300x300&t=crop&f=webp,10,Downtown
Knife block,https://dtxw8q4qct0d4.cloudfront.net/origin/article/202303/17d957eec2ce1da76e8c5167165f9c7b630ba0260dd9c99e84b1390a29a62f5e.webp?q=82&s=300x300&t=crop&f=webp,15,W End
Leggings,https://dtxw8q4qct0d4.cloudfront.net/origin/article/202308/a3f223460a8362727f8e879d5d209c752ea38066d0679cea1513c1d4c83f6bee.jpg?q=82&s=300x300&t=crop&f=webp,10,Downtown
Cropped shirt,https://dtxw8q4qct0d4.cloudfront.net/origin/article/202308/2a02162b44d0fd2cff0313f9076b27acf52b4142eddb6e5c7692c0967bb54cf5.jpg?q=82&s=300x300&t=crop&f=webp,10,Downtown
Flower girl picture,https://dtxw8q4qct0d4.cloudfront.net/origin/article/202308/4c1ec34557679faf154c23c2b4bdc7cdcaffce8dfe40bd2aec8cfafc4103f787.jpg?q=82&s=300x300&t=crop&f=webp,10,Downtown
